ID,Name,Gender,Age,Birthdate,Address
1434d4fa-c24c-436c-9ae8-5216ff6c962f,정주원,Female,36,1989-02-25,23 서대문구
6a602eb6-8e82-4a2f-a0eb-c2c6d52491a2,남궁서준,Male,40,1984-12-27,55 강북구
8b7e2ee3-a0cd-4e21-8e46-52dd5a96f2ec,박지아,Female,46,1979-07-04,29 성동구
ec92d9b7-77b1-4225-b51d-e4746affd52d,강지호,Male,49,1975-12-19,30 동작구
72e514aa-0a08-428a-84d5-ec3a09860efb,제갈윤우,Female,47,1977-12-12,81 영등포구
6747d17e-541b-42ef-ae9f-be294836b5bb,남궁윤우,Male,55,1970-06-02,94 동작구
098540c0-edcb-4a31-8f31-55f1b5debdd7,황보현우,Male,18,2006-10-01,72 송파구
21df7985-3618-4ad1-8850-f640c18a385f,최지우,Male,38,1987-02-15,34 강북구
34efc1ad-4e58-4939-a906-bea8f6193e73,권우주,Female,18,2007-02-22,51 용산구
c1f17f74-da91-448f-9ae0-845f4d4f6cb1,최시우,Male,54,1971-02-08,80 마포구
